{
	"01": [
		{"i": 0, "j": 0, "w": 3, "h": 3, "exc": 1.8, "pop": 2.7, "rel": 0.9, "score": 9},
		{"i": 1, "j": 3, "w": 2, "h": 1, "exc": 0.4, "pop": 0.6, "rel": 0.2, "score": 2},
		{"i": 0, "j": 3, "w": 1, "h": 1, "exc": 0.2, "pop": 0.3, "rel": 0.1, "score": 1}
	], 
	"02": [
		{"i": 0, "j": 0, "w": 2, "h": 2.5, "exc": 0.9, "pop": 1.2, "rel": 0.9, "score": 5},
		{"i": 0, "j": 2.5, "w": 2, "h": 1.5, "exc": 0.55, "pop": 0.7, "rel": 0.55, "score": 3},
		{"i": 2, "j": 0, "w": 1, "h": 2.5, "exc": 0.6, "pop": 0.4, "rel": 0.5, "score": 2.5},
		{"i": 2, "j": 2.5, "w": 1, "h": 1.5, "exc": 0.2, "pop": 0.3, "rel": 0.4, "score": 1.5}
	],
	"03": [
		{"i": 1, "j": 0, "w": 2, "h": 3, "exc": 1.9, "pop": 0.6, "rel": 1.1, "score": 6},
		{"i": 0, "j": 3, "w": 3, "h": 1, "exc": 1, "pop": 0.3, "rel": 0.5, "score": 3},
		{"i": 0, "j": 0, "w": 1, "h": 1.5, "exc": 0.45, "pop": 0.15, "rel": 0.3, "score": 1.5},
		{"i": 0, "j": 1.5, "w": 1, "h": 1.5, "exc": 0.45, "pop": 0.15, "rel": 0.3, "score": 1.5}
	],
	"04": [
		{"i": 0, "j": 0, "w": 2, "h": 3, "exc": 1.8, "pop": 1.3, "rel": 0.5, "score": 6},
		{"i": 2, "j": 0, "w": 1, "h": 3, "exc": 0.9, "pop": 0.7, "rel": 0.2, "score": 3},
		{"i": 1, "j": 3, "w": 2, "h": 1, "exc": 0.45, "pop": 0.3, "rel": 0.2, "score": 2},
		{"i": 0, "j": 3, "w": 1, "h": 1, "exc": 0.45, "pop": 0.3, "rel": 0.1, "score": 1}
	],
	"05": [
		{"i": 0, "j": 0, "w": 2, "h": 2.5, "exc": 0.5, "pop": 1, "rel": 1.5, "score": 5},
		{"i": 0, "j": 2.5, "w": 2, "h": 1.5, "exc": 0.3, "pop": 0.6, "rel": 0.9, "score": 3},
		{"i": 2, "j": 0, "w": 1, "h": 1.5, "exc": 0.15, "pop": 0.3, "rel": 0.45, "score": 1.5},
		{"i": 2, "j": 1.5, "w": 1, "h": 1.5, "exc": 0.15, "pop": 0.3, "rel": 0.45, "score": 1.5},
		{"i": 2, "j": 3, "w": 1, "h": 1, "exc": 0.1, "pop": 0.2, "rel": 0.3, "score": 1}
	]
}