{
	"001": {
		"headline": "Free food for everyone!",
		"lead": "The popular millionaire Andy Montana offers charity banquets in the poorest areas of the city.",
		"tags": ["social", "andy montana", "mafia", "charity"],
		"by": "Jhonatan Ross",
		"popularity": 0.6,
		"relevancy": 0.3,
		"exclusivity": 0.1
	},
	"002": {
		"headline": "The strike continues on Soup & Pastas",
		"lead": "Third day of strike, estimated losses for 100 dollars.",
		"tags": ["present", "soup & pastas", "labour party", "strikes"],
		"by": "Lloyd Moore",
		"popularity": 0.6,
		"relevancy": 0.1,
		"exclusivity": 0.3
	},
	"003": {
		"headline": "Annette Gray will sing at the South Hall",
		"lead": "The famous singer will perform this May 5th with the band Underground Boys.",
	    "tags": ["culture and arts", "annette gray", "undeground boys"],
		"by": "Victor Griffin",
		"popularity": 0.3,
		"relevancy": 0.6,
		"exclusivity": 0.1
	},
	"004": {
		"headline": "Ernest Jones the 5th race for veterans",
		"lead": "The city is preparing for the event that will raise funds for veterans of the Great War.",
	    "tags": ["sports", "ernest jones", "city"],
		"by": "Victor Griffin",
		"popularity": 0.1,
		"relevancy": 0.3,
		"exclusivity": 0.6
	},
	"005": {
		"headline": "Marta Robinson's store house was robbed",
		"lead": "Yesterday around 200 dollars in merchandise were stolen from the popular store.",
	    "tags": ["sports", "ernest jones", "city"],
		"by": "Lloyd More",
		"popularity": 0.1,
		"relevancy": 0.1,
		"exclusivity": 0.1
	},
	"006": {
		"headline": "Suicide pattern",
		"lead": "Every year in the Unite States, between 15,000 and 20,000 persons commit suicide",
		"tags": ["social", "andy montana", "mafia", "charity"],
		"by": "Jhonatan Ross",
		"popularity": 0.6,
		"relevancy": 0.3,
		"exclusivity": 0.1
	},
	"007": {
		"headline": "An index of human missery",
		"lead": "A student of american affairs was asked recently what he look for signs that the Depression was passing.",
		"tags": ["present", "soup & pastas", "labour party", "strikes"],
		"by": "Lloyd Moore",
		"popularity": 0.6,
		"relevancy": 0.1,
		"exclusivity": 0.3
	},
	"008": {
		"headline": "What is the truth behind the Montana's restaurants?",
		"lead": "It's well known that the Montana's restaurants are perhaps the best places to eat (and drink?) in the city.",
	    "tags": ["culture and arts", "annette gray", "undeground boys"],
		"by": "Victor Griffin",
		"popularity": 0.3,
		"relevancy": 0.6,
		"exclusivity": 0.1
	},
	"009": {
		"headline": "Franklin D Roosevelt was Killed!",
		"lead": "During a speach in Miami he was shoot 5 times by Giuseppe Zangara.",
	    "tags": ["sports", "ernest jones", "city"],
		"by": "Victor Griffin",
		"popularity": 1.6,
		"relevancy": 0.9,
		"exclusivity": 0.2
	},
	"010": {
		"headline": "There is an alcohol expenditure behind the Montana's restaurants?",
		"lead": "All the people know it but nobody speak a word about it.",
		"tags": ["sports", "ernest jones", "city"],
		"by": "Lloyd More",
		"popularity": 0.1,
		"relevancy": 0.1,
		"exclusivity": 0.1
	},
	"011": {
		"headline": "Chaos in Miami",
		"lead": "After the shoot, there were riots in all the city, the police try to recover the control.",
		"tags": ["sports", "ernest jones", "city"],
		"by": "Lloyd More",
		"popularity": 0.1,
		"relevancy": 0.1,
		"exclusivity": 0.1
	},
	"012": {
		"headline": "Possibility of special session is discounted",
		"lead": "State financial crisis is averted with decision to issues warrants on tax fund",
		"tags": ["sports", "ernest jones", "city"],
		"by": "Lloyd More",
		"popularity": 0.1,
		"relevancy": 0.1,
		"exclusivity": 0.1
	},
	"013": {
		"headline": "Riots in Miami",
		"lead": "More than 30 persons were captured, estimated losses round thousands of dollars.",
		"tags": ["sports", "ernest jones", "city"],
		"by": "Lloyd More",
		"popularity": 0.1,
		"relevancy": 0.1,
		"exclusivity": 0.1
	},
	"014": {
		"headline": "Bandits take $20,000 in Bank Robbery",
		"lead": "Floy Hamilton and Companion Sought as suspects",
		"tags": ["sports", "ernest jones", "city"],
		"by": "Lloyd More",
		"popularity": 0.1,
		"relevancy": 0.1,
		"exclusivity": 0.1
	},
	"015": {
		"headline": "Minimun of 25 cents is set in first year",
		"lead": "Forty cents would be paid at end of seven years.",
		"tags": ["sports", "ernest jones", "city"],
		"by": "Lloyd More",
		"popularity": 0.1,
		"relevancy": 0.1,
		"exclusivity": 0.1
	},
	"016": {
		"headline": "Death Toll Canton raised by new raids",
		"lead": "At least three new casualties on Hanam Island",
		"tags": ["sports", "ernest jones", "city"],
		"by": "Lloyd More",
		"popularity": 0.1,
		"relevancy": 0.1,
		"exclusivity": 0.1
	},
	"017": {
		"headline": "Early Removal of shutdown predicted",
		"lead": "Smith says Wells to reopen saturdays by late July",
		"tags": ["sports", "ernest jones", "city"],
		"by": "Lloyd More",
		"popularity": 0.1,
		"relevancy": 0.1,
		"exclusivity": 0.1
	},
	"018": {
		"headline": "Perry world tennis champion",
		"lead": "civic reception on his home town",
		"tags": ["sports", "ernest jones", "city"],
		"by": "Lloyd More",
		"popularity": 0.1,
		"relevancy": 0.1,
		"exclusivity": 0.1
	},
	"019": {
		"headline": "Money chief issue for world parley",
		"lead": "Washington believes topic may dominate talks as a result of our embargo",
		"tags": ["sports", "ernest jones", "city"],
		"by": "Lloyd More",
		"popularity": 0.1,
		"relevancy": 0.1,
		"exclusivity": 0.1
	},
	"020": {
		"headline": "New Brithish rates affect U.S. goods finished in Canada",
		"lead": "After April 1, 50 per Cent 'Empire Content' is required for preferential duty.",
		"tags": ["sports", "ernest jones", "city"],
		"by": "Lloyd More",
		"popularity": 0.1,
		"relevancy": 0.1,
		"exclusivity": 0.1
	},
	"021": {
		"headline": "??",
		"lead": "??",
		"tags": ["sports", "ernest jones", "city"],
		"by": "Lloyd More",
		"popularity": 0.1,
		"relevancy": 0.1,
		"exclusivity": 0.1
	},
	"022": {
		"headline": "??",
		"lead": "??",
		"tags": ["sports", "ernest jones", "city"],
		"by": "Lloyd More",
		"popularity": 0.1,
		"relevancy": 0.1,
		"exclusivity": 0.1
	},
	"023": {
		"headline": "??",
		"lead": "??",
		"tags": ["sports", "ernest jones", "city"],
		"by": "Lloyd More",
		"popularity": 0.1,
		"relevancy": 0.1,
		"exclusivity": 0.1
	},
	"024": {
		"headline": "??",
		"lead": "??",
		"tags": ["sports", "ernest jones", "city"],
		"by": "Lloyd More",
		"popularity": 0.1,
		"relevancy": 0.1,
		"exclusivity": 0.1
	},
	"025": {
		"headline": "??",
		"lead": "??",
		"tags": ["sports", "ernest jones", "city"],
		"by": "Lloyd More",
		"popularity": 0.1,
		"relevancy": 0.1,
		"exclusivity": 0.1
	},
	"026": {
		"headline": "??",
		"lead": "??",
		"tags": ["sports", "ernest jones", "city"],
		"by": "Lloyd More",
		"popularity": 0.1,
		"relevancy": 0.1,
		"exclusivity": 0.1
	},
	"027": {
		"headline": "??",
		"lead": "??",
		"tags": ["sports", "ernest jones", "city"],
		"by": "Lloyd More",
		"popularity": 0.1,
		"relevancy": 0.1,
		"exclusivity": 0.1
	},
	"028": {
		"headline": "??",
		"lead": "??",
		"tags": ["sports", "ernest jones", "city"],
		"by": "Lloyd More",
		"popularity": 0.1,
		"relevancy": 0.1,
		"exclusivity": 0.1
	},
	"029": {
		"headline": "??",
		"lead": "??",
		"tags": ["sports", "ernest jones", "city"],
		"by": "Lloyd More",
		"popularity": 0.1,
		"relevancy": 0.1,
		"exclusivity": 0.1
	},
	"030": {
		"headline": "??",
		"lead": "??",
		"tags": ["sports", "ernest jones", "city"],
		"by": "Lloyd More",
		"popularity": 0.1,
		"relevancy": 0.1,
		"exclusivity": 0.1
	},
	"031": {
		"headline": "??",
		"lead": "??",
		"tags": ["sports", "ernest jones", "city"],
		"by": "Lloyd More",
		"popularity": 0.1,
		"relevancy": 0.1,
		"exclusivity": 0.1
	},
	"032": {
		"headline": "??",
		"lead": "??",
		"tags": ["sports", "ernest jones", "city"],
		"by": "Lloyd More",
		"popularity": 0.1,
		"relevancy": 0.1,
		"exclusivity": 0.1
	},
	"033": {
		"headline": "??",
		"lead": "??",
		"tags": ["sports", "ernest jones", "city"],
		"by": "Lloyd More",
		"popularity": 0.1,
		"relevancy": 0.1,
		"exclusivity": 0.1
	},
	"034": {
		"headline": "??",
		"lead": "??",
		"tags": ["sports", "ernest jones", "city"],
		"by": "Lloyd More",
		"popularity": 0.1,
		"relevancy": 0.1,
		"exclusivity": 0.1
	},
	"035": {
		"headline": "??",
		"lead": "??",
		"tags": ["sports", "ernest jones", "city"],
		"by": "Lloyd More",
		"popularity": 0.1,
		"relevancy": 0.1,
		"exclusivity": 0.1
	},
	"036": {
		"headline": "??",
		"lead": "??",
		"tags": ["sports", "ernest jones", "city"],
		"by": "Lloyd More",
		"popularity": 0.1,
		"relevancy": 0.1,
		"exclusivity": 0.1
	},
	"037": {
		"headline": "??",
		"lead": "??",
		"tags": ["sports", "ernest jones", "city"],
		"by": "Lloyd More",
		"popularity": 0.1,
		"relevancy": 0.1,
		"exclusivity": 0.1
	},
	"038": {
		"headline": "??",
		"lead": "??",
		"tags": ["sports", "ernest jones", "city"],
		"by": "Lloyd More",
		"popularity": 0.1,
		"relevancy": 0.1,
		"exclusivity": 0.1
	},
	"039": {
		"headline": "??",
		"lead": "??",
		"tags": ["sports", "ernest jones", "city"],
		"by": "Lloyd More",
		"popularity": 0.1,
		"relevancy": 0.1,
		"exclusivity": 0.1
	},
	"a01": {
		"headline": "??",
		"lead": "??",
		"tags": ["sports", "ernest jones", "city"],
		"by": "Lloyd More",
		"popularity": 0.1,
		"relevancy": 0.1,
		"exclusivity": 0.1
	},
	"a02": {
		"headline": "??",
		"lead": "??",
		"tags": ["sports", "ernest jones", "city"],
		"by": "Lloyd More",
		"popularity": 0.1,
		"relevancy": 0.1,
		"exclusivity": 0.1
	},
	"a03": {
		"headline": "??",
		"lead": "??",
		"tags": ["sports", "ernest jones", "city"],
		"by": "Lloyd More",
		"popularity": 0.1,
		"relevancy": 0.1,
		"exclusivity": 0.1
	},
	"a04": {
		"headline": "??",
		"lead": "??",
		"tags": ["sports", "ernest jones", "city"],
		"by": "Lloyd More",
		"popularity": 0.1,
		"relevancy": 0.1,
		"exclusivity": 0.1
	}
}